Name ,Sport,Contact,Website,Address,District,Latitude,Longitude
RDA Woolamai,Riding,08 8354 4555,https://www.rda.org.au/,"54 Trew Road, Woolamai  VIC 3995",Woolamai  VIC 3995,,
RDA Pakenham,Riding,08 8354 4555,https://www.rda.org.au/,"775 Five Mile Road, Pakenham VIC 3810",Pakenham VIC 3810,,
RDA Swan Hill,Riding,08 8354 4555,https://www.rda.org.au/,"21 Tyntynder South Road, Tyntynder South VIC 3586",Tyntynder South 3586,,
RDA Terang,Riding,08 8354 4555,https://www.rda.org.au/,"Glenormiston College,Noorat Road, Glenormiston South  VIC 3265",Glenormiston South  VIC 3265,,
RDA Viewbank,Riding,08 8354 4555,https://www.rda.org.au/,"332 Banyule Road, Viewbank  VIC 3084",Viewbank  VIC 3084,,
RDA Warracknabeal,Riding,08 8354 4555,https://www.rda.org.au/,"Warracknabeal Racecourse, Henty Highway, Warracknabeal VIC 3393",Warracknabeal VIC 3393,,
RDA Warragul,Riding,08 8354 4555,https://www.rda.org.au/,"Logan Park, Howitt Street, Warragul VIC 3820",Warragul VIC 3820,,
RDA Warrandyte,Riding,08 8354 4555,https://www.rda.org.au/,"72-84 Husseys Lane, Warrandyte VIC 3113",Warrandyte VIC 3113,,
RDA Warrnambool,Riding,08 8354 4555,https://www.rda.org.au/,"High View Horse Complex, Illowa Road, Illowa VIC 3282 ",Illowa VIC 3282,,
RDA Western Port,Riding,08 8354 4555,https://www.rda.org.au/,"Woolleys Road Equestrian Reserve, Crib Point VIC 3919",Crib Point VIC 3919,,
RDA Moorabbin,Riding,08 8354 4555,https://www.rda.org.au/,"Dingley Bypass, Barkers Road, Moorabbin VIC 3189",Moorabbin VIC 3189,,
RDA Mornington Carriage Driving,Riding,08 8354 4555,https://www.rda.org.au/,"Mornington Racecourse, Mornington VIC 3931",Mornington VIC 3931,,
RDA Myrtleford,Riding,08 8354 4555,https://www.rda.org.au/,"36 Clyde Street, Myrtleford VIC 3737",Myrtleford VIC 3737,,
RDA Oaklands,Riding,08 8354 4555,https://www.rda.org.au/,"Oaklands Hunt Club, 1040 Somerton Road, Greenvale VIC 3059",Greenvale VIC 3059,,
RDA Peninsula,Riding,08 8354 4555,https://www.rda.org.au/,"1135 Moorooduc Road, Moorooduc VIC 3933",Moorooduc VIC 3933,,
RDA Portland,Riding,08 8354 4555,https://www.rda.org.au/,"211 Hodgetts Road, Gorae VIC 3305 ",Gorae VIC 3305,,
RDA Seymour,Riding,08 8354 4555,https://www.rda.org.au/,"Kings Park, Tallarook Street, Seymour VIC 3660",Seymour VIC 3660,,
RDA Shepparton,Riding,08 8354 4555,https://www.rda.org.au/,"William Orr GOTAFE Campus, Wanganui Road, Shepparton VIC 3660",Shepparton VIC 3660,,
RDA St Andrews,Riding,08 8354 4555,https://www.rda.org.au/,"180 Clintons Road, Smiths Gully VIC 3760",Smiths Gully VIC 3760,,
RDA Stawell,Riding,08 8354 4555,https://www.rda.org.au/,"49 Bulgana Road, Stawell VIC 3380",Stawell VIC 3380,,
RDA Bundoora Park,Riding,08 8354 4555,https://www.rda.org.au/,"1069 Plenty Road, Bundooa VIC 3083",Bundooa VIC 3083,,
RDA Cobram,Riding,08 8354 4555,https://www.rda.org.au/,"16 Bank Street, Cobram VIC 3644 ",Cobram VIC 3644,,
RDA Colac,Riding,08 8354 4555,https://www.rda.org.au/,"Adult Riding Club, Colac-Lavers Hill Road, Elliminyt VIC 3250",Elliminyt VIC 3250,,
RDA Daylesford,Riding,08 8354 4555,https://www.rda.org.au/,"Boomerang Ranch, Ranch Road, Daylesford VIC 3460",Daylesford VIC 3460,,
RDA Doveton,Riding,08 8354 4555,https://www.rda.org.au/,"182 Kidds Road, Doveton VIC 3177",Doveton VIC 3177,,
RDA Echuca,Riding,08 8354 4555,https://www.rda.org.au/,"Echuca Racecourse, Murray Valley Highway, Echuca VIC 3564",Echuca VIC 3564,,
RDA Hamilton,Riding,08 8354 4555,https://www.rda.org.au/,"Hamilton & Alexandra College Equestrian Centre, North Boundary Road, Hamilton VIC 3300",Hamilton VIC 3300,,
RDA Horsham,Riding,08 8354 4555,https://www.rda.org.au/,"96-98 Riverside Road, Dooen VIC 3401",Dooen VIC 3401,,
RDA Knox,Riding,08 8354 4555,https://www.rda.org.au/,Wantirna South VIC 3152,Wantirna South VIC 3152,,
RDA Melton,Riding,08 8354 4555,https://www.rda.org.au/,"976 Leakes Road, Rockbank VIC 3335",Rockbank VIC 3335,,
RDA Bairnsdale,Riding,08 8354 4555,https://www.rda.org.au/,"Racecourse Road, Bairnsdale VIC 3875 ",Bairnsdale VIC 3875,,
RDA Ballarat,Riding,08 8354 4555,https://www.rda.org.au/,"University of Ballarat Equine Centre, Rosehill Road, Mt Rowan VIC 3352",Mt Rowan VIC 3352,,
RDA Barwon,Riding,08 8354 4555,https://www.rda.org.au/,"Koombahla Park, Wallington Road, Wallington VIC 3221",Wallington VIC 3221,,
RDA Bendigo,Riding,08 8354 4555,https://www.rda.org.au/,"32 Hannans Road, Mandurang South VIC 3551",Mandurang South VIC 3551,,
Ballarat Aquatic Centre,Aquatics,(03) 5334 2499,https://www.ballarataquaticcentre.com/,"Prince of Wales Recreation Reserve, Gillies Street, Lake Gardens VIC 3350",Lake Gardens VIC 3350,,
Ballarat Sports Events Centre,Basketball,5320 5500,https://www.ballarat.vic.gov.au/ballarat-sports-events-centre,"989 Norman Street, Wendouree VIC 3355",Wendouree VIC 3355,,
Ballarat Gymsports,Gymnastics,03 5336 2605,https://www.ballaratgymsports.com/,"Cnr Longley Street and Abattoir Street, Alfredton VIC 3350",Alfredton VIC 3350,,
OZ Tenpin Ballarat,Tenpin Bowling,(03) 5331 5610,https://www.oztenpin.com.au/,"901 Doveton St North, Ballarat North VIC 3350",Ballarat North VIC 3350,,
Leisurelink Aquatic & Recreation Centre,Aquatics,03 5243 9595,https://www.geelongaustralia.com.au/leisurelink/default.aspx,"240 Pioneer Rd, Waurn Ponds VIC 3216",Waurn Ponds VIC 3216,,
Leisuretime Sports Precinct,"Athletics, Basketball",03  5272 4990,https://www.geelongaustralia.com.au/leisuretime/default.aspx,"262-282 Anakie Rd, Norlane VIC 3214",Norlane VIC 3214,,
Jets Gymnastics Grovedale,Gymnastics,03 4206 0064,https://www.jetsgym.com.au/jets-grovedale/,"12 Essington St, Grovedale VIC 3216",Grovedale VIC 3216,,
Oz Tenpin Geelong Bowling,Tenpin Bowling,(03) 5241 2200,https://www.oztenpin.com.au/our-locations/geelong-2/#,"49 Reynolds Rd, Belmont VIC 3216",Belmont VIC 3216,,
Wandana Heights Tennis Club,Tennis,(03)52456538,https://play.tennis.com.au/wandanaheightstennisclub,"7A Wandana Dr, Wandana Heights VIC 3216",Wandana Heights VIC 3216,,
YMCA Eaglehawk Leisure Centre,Aquatics,03 5446 9222,https://peterkrenzleisure.com.au/,"Napier Street, Eaglehawk VIC 3556",Eaglehawk VIC 3556,,
Bendigo Bowling Centre,Tenpin Bowling,(03)54439944,http://bendigobowlingcentre.com.au/,"159 Hargreaves Street, Bendigo VIC 3550",Bendigo VIC 3550,,
Dandenong Oasis,Aquatics,9767 3100,https://www.dandenongoasis.com.au/,"Heatherton Road & Cleeland Street, Dandenong VIC 3175",Dandenong VIC 3175,,
Dandenong Stadium,Basketball,(03) 9794 7192,https://dandenongstadium.com.au/,"270 Stud Road, Dandenong VIC 3175",Dandenong VIC 3175​,,
Freccia Azzurra Club,Bocce,(03) 9701-8888,http://www.freccia.com.au/,"784-796 Springvale Road, Braeside VIC 3195",Braeside VIC 3195,,
Endeavour Hills YMCA,Gymnastics,(03) 9213 1400,https://www.ehlc.ymca.org.au/,"10 Raymond McMahon Boulevard, Endeavour Hills VIC 3802",Endeavour Hills VIC 3802,,
Berwick Leisure Centre YMCA,Gymnastics,(03) 9707 3371,https://www.berwick.ymca.org.au/,"79 Manuka Road, Berwick VIC 3806",Berwick VIC 3806,,
Oz Tenpin Narre Warren SuperBowl,Tenpin Bowling,(03) 9704 2955,https://www.oztenpin.com.au/our-locations/narre-warren-2/,"22 Lauderdale Road, Narre Warren VIC 3805",Narre Warren VIC 3805,,
Echuca War Memorial Aquatic Centre,Swimming,03 5483 9698,https://www.campaspeaquatics.com.au/Pools/Echuca-War-Memorial-Aquatic-Centre,"Corner of High and Service Streets, Echuca VIC 3564",Echuca VIC 3564,,
Oz Tenpin Star Bowl,Tenpin Bowling,(03) 5821 5587,https://www.oztenpin.com.au/our-locations/shepparton-2/,"122 Fryers St, Shepparton VIC 3630",Shepparton VIC 3630,,
Veneto Club,Bocce,9850 7111,https://www.venetoclubmelbourne.com.au/,"191 Bulleen Road, Bulleen VIC 3105",Bulleen VIC 3105,,
Waves Leisure Centre,Aquatics,9559 7111,https://kingstonactive.com.au/,"111 Chesterville Rd, Highett VIC 3190",Highett VIC 3190,,
Parkdale Secondary College,Basketball,03 9580-6311,https://www.parkdalesc.vic.edu.au/,"116 Warren Rd, Mordialloc VIC 3195",Mordialloc VIC 3195,,
Mentone Tennis Club,Tennis,400874966,https://play.tennis.com.au/MentoneTennisClub,"First St &, Nepean Hwy, Parkdale VIC 3195",Parkdale VIC 3195,,
ZONE BOWLING Moorabbin,Tenpin Bowling,03 9021 1403,https://www.zonebowling.com/venues/vic/zone-bowling-moorabbin,"938 Nepean Hwy, Moorabbin VIC 3189",Moorabbin VIC 3189,,
Mordialloc Community Centre,Gymnastics,9580 3675,https://mordialloccommunitycentre.org.au/,"115A Warren Rd, Mordialloc VIC 3195",Mordialloc VIC 3195,,
Victoria University Aquatics Centre,Aquatics,03 9919 4460,https://www.vu.edu.au/about-vu/facilities-services/our-facilities/gyms-fitness-centres/footscray-park-aquatic-fitness-centre,"Footscray Park Campus, Ballarat Road, Footscray VIC 3011",Footscray VIC 3011,,
Moonee Valley Athletics Track,Athletics,03 9243 8888,https://mvcc.vic.gov.au/sportsparkplay/moonee-valley-athletics-centre/,"Corio Street, Moonee Ponds VIC 3039",Moonee Ponds VIC 3039,,
Special Olympics Club,Basketball,411239575,https://www.specialolympics.com.au/,"40 Brougham Street, Eltham VIC 3095",Eltham VIC 3095,,
Beaconsfield Tennis Club,Tinnes,0412 682 569,https://www.tennis.com.au/beaconsfieldtc/,"55 Old Princes Highway, Beaconsfield VIC 3807",Beaconsfield VIC 3807,,
Colac Tenpin Bowl,Tenpin Bowling,(03) 5231 4100,https://colactenpinbowling.business.site/,"86 Murray Street, Colac VIC 3250",Colac VIC 3250,,
Avondale Heights Tennis Club,Tennis,09 3186 063,https://avondaleheightstennis.com/,"Doyle street Reserve, Cornwall street ,Avondale Heights VIC 3034",Avondale Heights VIC 3034,,
Core 24 Somerville,Aquatics,0403 749 723,https://core24.com.au/somerville/,"55 Grant Road, Somerville VIC 3912",Somerville VIC 3912,,
Ballam Park athletics track,Athletics,0401 491 480,https://bpathletics.com.au/,"Ballam Park, Benanee Road, Frankston VIC 3199",Frankston VIC 3199,,
Frankston South Community Centre,Basketball,0409 542 238,https://www.frankston.vic.gov.au/Things-To-Do/Community-Centres-and-Neighbourhood-Houses/Frankston-South-Community-and-Recreation-Centre,"55 Towerhill Road, Frankston South VIC 3199",Frankston South VIC 3199,,
Mornington Tennis Centre,Tennis,0359 756 124,https://play.tennis.com.au/morningtontenniscentre,"350 Dunns Road, Mornington VIC 3931",Mornington VIC 3931,,
Nunawading Basketball Stadium,Basketball,(03) 9802 671,https://www.nunawadingbasketball.com.au/,"Nunawading Basketball Centre, East Burwood Reserve, Burwood Highway, East Burwood VIC 3151",East Burwood VIC 3151,,
Knox Italian Community Club,Bocce,0418 798 987,https://kicc.org.au/,"99 Karoo Road, Rowville VIC 3178",Rowville VIC 3178,,
Zone Bowling Boronia,Tenpin Bowling,03 9021 1418,https://www.zonebowling.com/,"125 Boronia Rd, Boronia VIC 3155",Boronia VIC 3155,,
MSA,Netball,0427 780 109,https://malleesportsassembly.org.au/,"280 Broadway, Wycheproof VIC 3527",Wycheproof VIC 3527,,
MSA,Netball,0429 332 008,https://malleesportsassembly.org.au/,"98-100 Gray Street, Swan Hill VIC 3585",Swan Hill VIC 3585,,
Monash Aquatic and Recreation Centre,Swimming,(03) 9265 4888,https://autismswim.com.au/,"626 Waverley Road, Glen Waverley VIC 3150",Glen Waverley VIC 3150,,
Midlands Golf Club,Golf,0400 487 198,https://www.golf.org.au/mygolf/home,"330 Heinz Lane, Invermay Park VIC 3350",Invermay Park VIC 3350,,
BTYC Gymnastics,Gymnastics,(03) 9841 4773,https://www.btycgymnastics.org.au/programs/all-abilities-gymnastics/,"360 Springvale Road, Donvale VIC 3111",Donvale VIC 3111,,
Tenpin Bowling Australia,Bowling,(07) 3262 4455,www.tenpin.org.au,"Unit 7/2 Kent Pl, South Melbourne VIC 3205",Melbourne VIC 3205,,
